Departamento;     Documento;     Nombres;     Apellidos;     Observaciones;     Tipo_Producto;     Nombre_Producto;    ISBN/ISSN;     Tipo_Obra;     Publicado_en;     País;     Año;     Idioma;     Volumen;     Página;     Nombre_del_Capítulo;     Carácter;     Idioma_Destino;     Entidad;     Número/Código_Registro;     Observaciones_Extra
Departamento de Ingeniería de Sistemas e Industrial;123123123;Octavio José;Salcedo Parra;-;Capítulos en Memorias de Congresos;13th International Work-Conference on Artificial Neural Networks, IWANN 2015,;-;-;13th International Work-Conference on Artificial Neural Networks, IWANN 2015;Palma de Mallorca   - Palma de Mallorca, Spain;2015;-;-;-;-;-;-;-;-;-
Departamento de Ingeniería de Sistemas e Industrial;123123123;Octavio José;Salcedo Parra;-;Ponencia en Eventos Especializados;Using ANN in Financial Markets Micro-Structure Analysis;-;-;13th International Work-Conference on Artificial Neural Networks, IWANN 2015;Palma de Mallorca   - Palma de Mallorca, Spain;2015;-;-;-;-;-;-;-;-;-
Departamento de Ingeniería de Sistemas e Industrial;123123123;Octavio José;Salcedo Parra;-;Ponencia en Eventos Especializados;Use of the cognitive radio in Smart Grids, In the Colombian normative context;-;-;Proceedings of the 2015 IEEE International Conference on Industrial Technology (ICIT);Sevilla   - Hotel Meliá Sevilla, C/ Dr. Pedro de Castro 1, 41004 Sevilla, Spain;2015;-;-;-;-;-;-;-;-;-
Departamento de Ingeniería de Sistemas e Industrial;123123123;Octavio José;Salcedo Parra;-;Ponencia en Eventos Especializados;Proposal for Interoperability Standards Applications in the Health Sector;-;-;Third International Conference, IWBBIO 2015;Granada (España)   - Science Faculty of the University of Granada;2015;-;-;-;-;-;-;-;-;-
Departamento de Ingeniería de Sistemas e Industrial;123123123;Octavio José;Salcedo Parra;-;Capítulos en Memorias de Congresos;Proposal for Interoperability Standards Applications in the Health Sector;-;-;Third International Conference, IWBBIO 2015;Granada (España)   - Science Faculty of the University of Granada;2015;-;-;-;-;-;-;-;-;-
Departamento de Ingeniería de Sistemas e Industrial;123123123;Octavio José;Salcedo Parra;-;Ponencia en Eventos Especializados;LAN Traffic Forecasting Using a Multi Layer Perceptron Model;-;-;14th International Conference, NEW2AN 2014 and 7th Conference, ruSMART 2014;SINCELEJO   - Sokos Olympia Garden hotel;2014;-;-;-;-;-;-;-;-;-
Departamento de Ingeniería de Sistemas e Industrial;123123123;Octavio José;Salcedo Parra;-;Capítulos en Memorias de Congresos;LAN Traffic Forecasting Using a Multi Layer Perceptron Model;-;-;14th International Conference, NEW2AN 2014 and 7th Conference, ruSMART 2014;SINCELEJO   - Sokos Olympia Garden hotel;2014;-;-;-;-;-;-;-;-;-
Departamento de Ingeniería de Sistemas e Industrial;123123123;Octavio José;Salcedo Parra;-;Ponencia en Eventos Especializados;Wi-Fi Channels Saturation Using Standard Wi-Fi Gateway;-;-;First International Conference, MSPN 2015;PARIS;2015;-;-;-;-;-;-;-;-;-
Departamento de Ingeniería de Sistemas e Industrial;123123123;Octavio José;Salcedo Parra;-;Capítulos en Memorias de Congresos;Wi-Fi Channels Saturation Using Standard Wi-Fi Gateway;-;-;First International Conference, MSPN 2015;PARIS;2015;-;-;-;-;-;-;-;-;-
Departamento de Ingeniería de Sistemas e Industrial;123123123;Octavio José;Salcedo Parra;-;Ponencia en Eventos Especializados;Evaluation of Reliability and Security of the Address Resolution Protocol;-;-;Second International Conference, FDSE 2015;Ho Chi Minh   - Ho Chi Minh City University of Technology (HCMUT);2015;-;-;-;-;-;-;-;-;-
Departamento de Ingeniería de Sistemas e Industrial;123123123;Octavio José;Salcedo Parra;-;Capítulos en Memorias de Congresos;Evaluation of Reliability and Security of the Address Resolution Protocol;-;-;Second International Conference, FDSE 2015;Ho Chi Minh   - Ho Chi Minh City University of Technology (HCMUT);2015;-;-;-;-;-;-;-;-;-
Departamento de Ingeniería de Sistemas e Industrial;123123123;Octavio José;Salcedo Parra;-;Ponencia en Eventos Especializados;QoS over IPV4 and IPV6;-;-;9th International Conference on Advances in Mobile Computing and Multimedia (MoMM2011);Ho Chi Minh   - international university ho chi minh city, Vietnam;2011;-;-;-;-;-;-;-;-;-
Departamento de Ingeniería de Sistemas e Industrial;123123123;Octavio José;Salcedo Parra;-;Capítulos en Memorias de Congresos;Ponencia Internacional ¿Hackers en la sociedad de la información¿ (3 autores) presentadas en el VII Congreso Internacional de Electrónica, Control y Telecomunicaciones, en Bogotá, año 2011;-;-;VII Congreso Internacional de Electrónica, Control y Telecomunicaciones, en Bogotá, año 2011;BOGOTÁ, D.C.   - Facultad Tecnológica de la Universidad Distrital Francisco José de Caldas;2011;-;-;-;-;-;-;-;-;-
Departamento de Ingeniería de Sistemas e Industrial;123123123;Octavio José;Salcedo Parra;-;Capítulos en Memorias de Congresos;Ponencia Internacional ¿De las redes tradicionales a las redes evolutivas¿ (3 autores) presentadas en el VII Congreso Internacional de Electrónica, Control y Telecomunicaciones, en Bogotá, año 2011;-;-;VII Congreso Internacional de Electrónica, Control y Telecomunicaciones, en Bogotá, año 2011;BOGOTÁ, D.C.   - Facultad Tecnológica de la Universidad Distrital Francisco José de Caldas;2011;-;-;-;-;-;-;-;-;-
Departamento de Ingeniería de Sistemas e Industrial;123123123;Octavio José;Salcedo Parra;-;Capítulos en Memorias de Congresos;PONENCIAS Internacionales ¿Especificaciones de calidad de servicio QoS para interfaces¿ (3 autores) presentadas en el VII Congreso Internacional de Electrónica, Control y Telecomunicaciones, en Bogotá, año 2011;-;-;VII Congreso Internacional de Electrónica, Control y Telecomunicaciones, en Bogotá, año 2011;BOGOTÁ, D.C.   - Facultad Tecnológica de la Universidad Distrital Francisco José de Caldas;2011;-;-;-;-;-;-;-;-;-
Departamento de Ingeniería de Sistemas e Industrial;123123123;Octavio José;Salcedo Parra;-;Capítulos en Memorias de Congresos;Session Initiation Protocol Improvement Using Inter-Asterisk eXchange;-;-;The 13 International conference on Information Integration and Web-based Applications & Services (iiWAS2011);Ho Chi Minh;2011;-;-;-;-;-;-;-;-;-
Departamento de Ingeniería de Sistemas e Industrial;123123123;Octavio José;Salcedo Parra;-;Capítulos en Memorias de Congresos;Mechanisms to Ensure QoS over ASON;-;-;International Joint Conference on Service Sciences 2011;taipei;2011;-;-;-;-;-;-;-;-;-
Departamento de Ingeniería de Sistemas e Industrial;123123123;Octavio José;Salcedo Parra;-;Capítulos en Memorias de Congresos;Session Initiation Protocol Security Issues over End to End Environments;-;-;International Conference on Computer Applications and Network Security (ICCANS 2011);Malé;2011;-;-;-;-;-;-;-;-;-
Departamento de Ingeniería de Sistemas e Industrial;123123123;Octavio José;Salcedo Parra;-;Capítulos en Memorias de Congresos;Spam Control Mechanisms over VoIP;-;-;International Conference on Computer Applications and Network Security (ICCANS 2011);Malé;2011;-;-;-;-;-;-;-;-;-
Departamento de Ingeniería de Sistemas e Industrial;123123123;Octavio José;Salcedo Parra;-;Capítulos en Memorias de Congresos;Security Problems in WLAN Networks;-;-;International Conference on Computer Applications and Network Security (ICCANS 2011);Malé;2011;-;-;-;-;-;-;-;-;-
Departamento de Ingeniería de Sistemas e Industrial;123123123;Octavio José;Salcedo Parra;-;Capítulos en Memorias de Congresos;fMRI Paradigm to Predict Human Brain Activity;-;-;CET World Congress on Engineering and Technology 2011;Shanghai;2011;-;-;-;-;-;-;-;-;-
Departamento de Ingeniería de Sistemas e Industrial;123123123;Octavio José;Salcedo Parra;-;Capítulos en Memorias de Congresos;Using SIP to Develop New Multimedia Networks;-;-;CET World Congress on Engineering and Technology 2011;Shanghai;2011;-;-;-;-;-;-;-;-;-
Departamento de Ingeniería de Sistemas e Industrial;123123123;Octavio José;Salcedo Parra;-;Capítulos en Memorias de Congresos;Strategies for a Solution Convergence Networks;-;-;The 7th International Conference on Wireless Communications,Networking and Mobile Computing (WiCOM 2011);Wuhan   - East International Hotel;2011;-;-;-;-;-;-;-;-;-
Departamento de Ingeniería de Sistemas e Industrial;123123123;Octavio José;Salcedo Parra;-;Capítulos en Memorias de Congresos;Dijkstra's Algorithm Model Over MPLS /GMPLS;-;-;The 7th International Conference on Wireless Communications,Networking and Mobile Computing (WiCOM 2011);Wuhan   - East International Hotel;2011;-;-;-;-;-;-;-;-;-
Departamento de Ingeniería de Sistemas e Industrial;123123123;Octavio José;Salcedo Parra;-;Capítulos en Memorias de Congresos;Quality of Service over IPV6 and IPV4;-;-;The 7th International Conference on Wireless Communications,Networking and Mobile Computing (WiCOM 2011);Wuhan   - East International Hotel;2011;-;-;-;-;-;-;-;-;-
Departamento de Ingeniería de Sistemas e Industrial;123123123;Octavio José;Salcedo Parra;-;Capítulos en Memorias de Congresos;Autoregressive nonlinear with exogenous input, measurement-based modeling of the round trip time using Nonlinear System Identification;-;-;New Trends in Information Science and Service Science (NISS), 2010 4th International Conference;Gyeongju;2010;-;-;-;-;-;-;-;-;-
Departamento de Ingeniería de Sistemas e Industrial;123123123;Octavio José;Salcedo Parra;-;Capítulos en Memorias de Congresos;Anti-Spit Mechanism Based on Identity SIP;-;-;New Trends in Information and Service Science, 2009. NISS '09. International Conference;Beijing;2009;-;-;-;-;-;-;-;-;-
Departamento de Ingeniería de Sistemas e Industrial;123123123;Octavio José;Salcedo Parra;-;Capítulos en Memorias de Congresos;An Approach to Quality of Service Evaluation Using Computational Intelligence;-;-;New Trends in Information and Service Science, 2009. NISS '09. International Conference;Beijing;2009;-;-;-;-;-;-;-;-;-
Departamento de Ingeniería de Sistemas e Industrial;123123123;Octavio José;Salcedo Parra;-;Capítulos en Memorias de Congresos;Building a software to process and validate oceanographic data under RUP methodology;-;-;Digital Ecosystems and Technologies (DEST), 2010 4th IEEE International Conference;Dubai;2010;-;-;-;-;-;-;-;-;-
Departamento de Ingeniería de Sistemas e Industrial;123123123;Octavio José;Salcedo Parra;-;Capítulos en Memorias de Congresos;Performance Evaluation in IP/MPLS Networks;-;-;Wireless Communications, Networking and Mobile Computing, 2008. WiCOM '08. 4th International Conference;Dalian;2008;-;-;-;-;-;-;-;-;-
Departamento de Ingeniería de Sistemas e Industrial;123123123;Octavio José;Salcedo Parra;-;Capítulos en Memorias de Congresos;Round Trip Time TCP / IP Model;-;-;2012 IEEE/ACIS 11th International Conference on Computer and Information Science (ICIS);Shanghai   - Pine City Hotel;2012;-;-;-;-;-;-;-;-;-
Departamento de Ingeniería de Sistemas e Industrial;123123123;Octavio José;Salcedo Parra;-;Capítulos en Memorias de Congresos;A Based BlueTooth Tourist Service Prototype;-;-;2012 IEEE/ACIS 11th International Conference on Computer and Information Science (ICIS);Shanghai   - Pine City Hotel;2012;-;-;-;-;-;-;-;-;-
Departamento de Ingeniería de Sistemas e Industrial;123123123;Octavio José;Salcedo Parra;-;Capítulos en Memorias de Congresos;L1VPN Services over Inter-Domain Environments;-;-;Workshop on Engineering Applications (WEA) 2012;BOGOTÁ, D.C.   - Compensar Convention Center Bogota, Colombia;2012;-;-;-;-;-;-;-;-;-
Departamento de Ingeniería de Sistemas e Industrial;123123123;Octavio José;Salcedo Parra;-;Capítulos en Memorias de Congresos;MPLS/VPN/BGP Networks Evaluation Techniques;-;-;Workshop on Engineering Applications (WEA) 2012;BOGOTÁ, D.C.   - Compensar Convention Center Bogota, Colombia;2012;-;-;-;-;-;-;-;-;-
Departamento de Ingeniería de Sistemas e Industrial;123123123;Octavio José;Salcedo Parra;-;Capítulos en Memorias de Congresos;Dijkstra Algorithm Based Reliability Model;-;-;The 16th IEEE/ACM International Symposium on Distributed Simulation and Real Time Applications;Irlanda   - Dublin, Ireland.;2012;-;-;-;-;-;-;-;-;-
Departamento de Ingeniería de Sistemas e Industrial;123123123;Octavio José;Salcedo Parra;-;Capítulos en Memorias de Congresos;Platform of electronic marketing for development of ICTs applications;-;-;i-Society 2011 - International Conference on Information Society;London;2011;-;-;-;-;-;-;-;-;-
Departamento de Ingeniería de Sistemas e Industrial;123123123;Octavio José;Salcedo Parra;-;Capítulos en Memorias de Congresos;Redes neuronales artificiales, una aplicacion a la tasa de cambio nominal;-;-;IV Simposio Internacional de Sistemas de Información e Ingeniería del Software en la Sociedad del Conocimiento - SISOFT;CARTAGENA DE INDIAS   - Centro de Convenciones;2006;-;-;-;-;-;-;-;-;-
Departamento de Ingeniería de Sistemas e Industrial;123123123;Octavio José;Salcedo Parra;-;Capítulos en Memorias de Congresos;Una aplicacion a la sociedad del conocimiento: Metro Ethernet;-;-;IV Simposio Internacional de Sistemas de Información e Ingeniería del Software en la Sociedad del Conocimiento - SISOFT;CARTAGENA DE INDIAS   - Centro de Convenciones;2006;-;-;-;-;-;-;-;-;-
Departamento de Ingeniería de Sistemas e Industrial;123123123;Octavio José;Salcedo Parra;-;Capítulos en Memorias de Congresos;Redes Opticas: Una Aplicacion para la Sociedad del Conocimiento;-;-;IV Simposio Internacional de Sistemas de Información e Ingeniería del Software en la Sociedad del Conocimiento - SISOFT;CARTAGENA DE INDIAS   - Centro de Convenciones;2006;-;-;-;-;-;-;-;-;-
Departamento de Ingeniería de Sistemas e Industrial;123123123;Octavio José;Salcedo Parra;-;Capítulos en Memorias de Congresos;Modelo de contenidos virtuales de aprendizaje;-;-;IV seminario Internacional de Educacion a Distancia;Cordoba;2006;-;-;-;-;-;-;-;-;-
Departamento de Ingeniería de Sistemas e Industrial;123123123;Octavio José;Salcedo Parra;-;Capítulos en Memorias de Congresos;Políticas de QoS para Interfaces Troncales de los Equipos Metro y Core Mpls de una red basada en Ason;-;-;8a. Conferencia Iberoamericana en Sistemas, Cibernética e Informática;Orlando   - Orlando, Florida ~ EE.UU.;2009;-;-;-;-;-;-;-;-;-
Departamento de Ingeniería de Sistemas e Industrial;123123123;Octavio José;Salcedo Parra;-;Capítulos en Memorias de Congresos;Comparative Analysis of Time Series Techniques ARIMA and ANFIS to Forecast Wimax Traffic;-;-;The 7th International Conference on Advances in mobile Computing and Multimedia (MoMM2009);Kuala Lumpur   - Dataran Kewangan Darul Takaful, No 4, Jalan Sultan Sulaiman 50000, Kuala Lumpur, MALAYSIA;2009;-;-;-;-;-;-;-;-;-
Departamento de Ingeniería de Sistemas e Industrial;123123123;Octavio José;Salcedo Parra;-;Capítulos en Memorias de Congresos;A Proposal Based On Time Series to Predict Traffic Values Inside a Wi- Fi Data Network;-;-;The 7th International Conference on Advances in mobile Computing and Multimedia (MoMM2009);Kuala Lumpur   - Dataran Kewangan Darul Takaful, No 4, Jalan Sultan Sulaiman 50000, Kuala Lumpur, MALAYSIA;2009;-;-;-;-;-;-;-;-;-
Departamento de Ingeniería de Sistemas e Industrial;123123123;Octavio José;Salcedo Parra;-;Ponencia en Eventos Especializados;Evaluación de QoS en el encadenamiento Inter-Dominio;-;-;Congreso IEEE - COLCOM;BOGOTÁ, D.C.   - Compensar Conventions Center, Bogotá D.C., Colombia;2007;-;-;-;-;-;-;-;-;-
Departamento de Ingeniería de Sistemas e Industrial;123123123;Wilson;Adarme Jaimes;-;Ponencia en Eventos Especializados;LOGÍSTICA PARA LA COMPETITIVIDAD NACIONAL;-;-;I CONGRESO INTERNACIONAL INDUSTRIA Y ORGANIZACIONES - LOGÍSTICA PARA LA COMPETITIVIDAD;BOGOTÁ, D.C.   - AUDITORIO ALFONSO LÓPEZ PUMAREJO, CAMPUS UNIVERSIDAD NACIONAL DE COLOMBIA - SEDE BOGOTÁ;2014;-;-;-;-;-;-;-;-;-
Departamento de Ingeniería de Sistemas e Industrial;123123123;Wilson;Adarme Jaimes;-;Ponencia en Eventos Especializados;FREIGHT CONSOLIDATION: A COORDINATION MECHANISM IN SUPPLY CHAIN OF PERISHABLES;-;-;I CONGRESO INTERNACIONAL INDUSTRIA Y ORGANIZACIONES - LOGÍSTICA PARA LA COMPETITIVIDAD;BOGOTÁ, D.C.   - AUDITORIO ALFONSO LÓPEZ PUMAREJO, CAMPUS UNIVERSIDAD NACIONAL DE COLOMBIA - SEDE BOGOTÁ;2014;-;-;-;-;-;-;-;-;-
Departamento de Ingeniería de Sistemas e Industrial;123123123;Wilson;Adarme Jaimes;-;Otro;MODELO PARA LA OPERACIÓN ESTRATÉGICA, TÁCTICA Y OPERATIVA DE LA LOGÍSTICA DE DISTRIBUCIÓN DE MEDICAMENTOS DEL PROGRAMA DE SALUD PÚBLICA EN COLOMBIA;-;-;I CONGRESO INTERNACIONAL INDUSTRIA Y ORGANIZACIONES - LOGÍSTICA PARA LA COMPETITIVIDAD;BOGOTÁ, D.C.   - AUDITORIO ALFONSO LÓPEZ PUMAREJO, CAMPUS UNIVERSIDAD NACIONAL DE COLOMBIA - SEDE BOGOTÁ;2014;-;-;-;-;-;-;-;-;-
Departamento de Ingeniería de Sistemas e Industrial;123123123;Wilson;Adarme Jaimes;-;Capítulos en Memorias de Congresos;Key Risk Indicators Framework for Supply Operations - Colombian Health Care Sector;-;-;IX Hamburg International Conference of Logistics;Hamburg   - Hamburg - Deutschland;2013;-;-;-;-;-;-;-;-;-
Departamento de Ingeniería de Sistemas e Industrial;123123123;Wilson;Adarme Jaimes;-;Capítulos en Memorias de Congresos;Key Performance Measures for Supply Chain Management from the Columbian Shipyard;-;-;VII Hamburg International Conference of Logistics;Alemania   -  Hamburg University of Technology;2010;-;-;-;-;-;-;-;-;-
Departamento de Ingeniería de Sistemas e Industrial;123123123;Wilson;Adarme Jaimes;-;Capítulos en Memorias de Congresos;Integration of Analytical Techniques for Service Management Logistical coordination at the Columbian Shipbuilding Industry;-;-;VII Hamburg International Conference of Logistics;Alemania   -  Hamburg University of Technology;2010;-;-;-;-;-;-;-;-;-
Departamento de Ingeniería de Sistemas e Industrial;123123123;Jairo Hernán;Aponte Melo;-;Capítulos en Memorias de Congresos;On the Use of the SEMAT Kernel within a Software Engineering Course;-;-;Latin American Software Engineering Symposium LASES 2014;BARRANQUILLA;2014;-;-;-;-;-;-;-;-;-
Departamento de Ingeniería de Sistemas e Industrial;123123123;Jairo Hernán;Aponte Melo;-;Capítulos en Memorias de Congresos;How Distributed Version Control Systems impact Open Source Software Projects;-;-;The 9th Working Conference on Mining Software Repositories, MSR 2012;;2012;-;-;-;-;-;-;-;-;-
Departamento de Ingeniería de Sistemas e Industrial;123123123;Jairo Hernán;Aponte Melo;-;Capítulos en Memorias de Congresos;Mining Source Code Descriptions from Developer Communications;-;-;2012 IEEE 20th International Conference on Program Comprehension (ICPC 2012);Passau;2012;-;-;-;-;-;-;-;-;-
Departamento de Ingeniería de Sistemas e Industrial;123123123;Jairo Hernán;Aponte Melo;-;Capítulos en Memorias de Congresos;Towards the Automatic Extraction of Structural Business Rules from Legacy Databases;-;-;The 19th Working Conference on Reverse Engineering;Kingston;2012;-;-;-;-;-;-;-;-;-
Departamento de Ingeniería de Sistemas e Industrial;123123123;Jairo Hernán;Aponte Melo;-;Capítulos en Memorias de Congresos;DevMeter: una Herramienta que mide la Contribución de los Desarrolladores;-;-;XXVI Conferencia Latinoamericana de Informatica;Asunción;2010;-;-;-;-;-;-;-;-;-
Departamento de Ingeniería de Sistemas e Industrial;123123123;Jairo Hernán;Aponte Melo;-;Capítulos en Memorias de Congresos;SeeIT 3D: un plugin de Eclipse para visualizar y comprender código fuente;-;-;XXVI Conferencia Latinoamericana de Informatica;Asunción;2010;-;-;-;-;-;-;-;-;-
Departamento de Ingeniería de Sistemas e Industrial;123123123;Jairo Hernán;Aponte Melo;-;Capítulos en Memorias de Congresos;On the Use of Automated Text Summarization Techniques for Summarizing Source Code;-;-;17th Working Conference on Reverse Engineering;BOGOTÁ, D.C.;2010;-;-;-;-;-;-;-;-;-
Departamento de Ingeniería de Sistemas e Industrial;123123123;Jairo Hernán;Aponte Melo;-;Capítulos en Memorias de Congresos;Summarizing Source Code Artifacts;-;-;Encuentro Nacional de Investigación y Desarrollo, ENIP 2010;BOGOTÁ, D.C.;2010;-;-;-;-;-;-;-;-;-
Departamento de Ingeniería de Sistemas e Industrial;123123123;Jairo Hernán;Aponte Melo;-;Capítulos en Memorias de Congresos;Improving Traceability Link Recovery Methods through Software Artifact Summarization;-;-;6th International Workshop on Traceability in Emerging Forms of Software Engineering;Hawaii;2011;-;-;-;-;-;-;-;-;-
Departamento de Ingeniería de Sistemas e Industrial;123123123;Jairo Hernán;Aponte Melo;-;Capítulos en Memorias de Congresos;Analyzing Human Summaries of Source Code Artifacts;-;-;XXXVII Conferencia Latinoamericana de Informática;Quito;2011;-;-;-;-;-;-;-;-;-
Departamento de Ingeniería de Sistemas e Industrial;123123123;Emiliano;Barreto Hernández;-;Ponencia en Eventos Especializados;Getting to a Better Understanding of Drug Resistance in Three Acinetobacter Species Isolated from Colombian Hospitals by Genomic and Proteomic Analyses.;-;-;International Conference and on Clinical Microbiology & Microbial Genomics;San Antonio   -  Hilton San Antonio;2012;-;-;-;-;-;-;-;-;-
Departamento de Ingeniería de Sistemas e Industrial;123123123;Emiliano;Barreto Hernández;-;Capítulos en Memorias de Congresos;Hydrolytic Activity of OXA and CTX-M beta-Lactamases against beta-Lactamic Antibiotics;-;-;Segundo congreso Colombiano de Biología Computacional;MANIZALES   - Universidad de Caldas;2013;-;-;-;-;-;-;-;-;-
Departamento de Ingeniería de Sistemas e Industrial;123123123;Emiliano;Barreto Hernández;-;Ponencia en Eventos Especializados;. In Silico hybridation System for Mapping Functional Genes of Soil Microorganism Using Next Generation Sequencing.;-;-;Segundo congreso Colombiano de Biología Computacional;MANIZALES   - Universidad de Caldas;2013;-;-;-;-;-;-;-;-;-
Departamento de Ingeniería de Sistemas e Industrial;123123123;Emiliano;Barreto Hernández;-;Ponencia en Eventos Especializados;Secuenciación de alto rendimiento de genomas de Acinetobacter sp.;-;-;Seminario de investigación del Centro Nacional de Biotecnología del CSIC;Madrid   - Informática Científica del Centro Nacional de Biotecnología del CSIC;2013;-;-;-;-;-;-;-;-;-
Departamento de Ingeniería de Sistemas e Industrial;123123123;Emiliano;Barreto Hernández;-;Ponencia en Eventos Especializados;Análisis de beta-lactamasas y su espectro frente antibióticos Betalactámicos, en bacterias multiresistentes;-;-;CONGRESO INTERNACIONAL DE BIOINFORMATICA Y BIOLOGIA DE SISTEMAS. OMICS integrativas: Medicina Molecular, Biodiversidad y Medio Ambiente;Washington D.C.   - Universidad de Costa Rica;2012;-;-;-;-;-;-;-;-;-
Departamento de Ingeniería de Sistemas e Industrial;123123123;Emiliano;Barreto Hernández;-;Ponencia en Eventos Especializados;Bla.id. Information system for manipulation, search and cross pharmacological and clinical data with molecular and taxonomic data of microorganisms that produce betalactamases¿.;-;-;1st International Conference on Bioinformatics SOIBIO2010, of Sociedad Iberoamericana de Bioinformática (SoIBio).;Termas de Chillan;2010;-;-;-;-;-;-;-;-;-
Departamento de Ingeniería de Sistemas e Industrial;123123123;Emiliano;Barreto Hernández;-;Otro;APLICACIÓN DE HERRAMIENTAS GENÓMICAS A LA CARACTERIZACIÓN DE AISLAMIENTOS DE Acinetobacter spp. PROVENIENTES DE HOSPITALES DE BOGOTÁ COLOMBIA;-;-;12 Congreso Internacional del Colegio Nacional de Bacteriología;CALI   - Centro de Eventos del Valle del Pacífico;2012;-;-;-;-;-;-;-;-;-
Departamento de Ingeniería de Sistemas e Industrial;123123123;Emiliano;Barreto Hernández;-;Otro;ANÁLISIS GENÓMICO Y FUNCIONAL DEL INFECTOMA DE UNA CEPA MULTIRRESISTENTE de Acinetobacter baumannii AISLADA DE UN HOSPITAL DE BOGOTÁ-COLOMBIA.;-;-;12 Congreso Internacional del Colegio Nacional de Bacteriología;CALI   - Centro de Eventos del Valle del Pacífico;2012;-;-;-;-;-;-;-;-;-
Departamento de Ingeniería de Sistemas e Industrial;123123123;Emiliano;Barreto Hernández;-;Otro;MDR Acinetobacter sp. from Colombia;-;-;2nd European Conference on Antimicrobial Resistance and Infection Prevention;Vilnius   - ULAC Nugaletoju St. 14 D, LT-10105 Vilnius;2013;-;-;-;-;-;-;-;-;-
Departamento de Ingeniería de Sistemas e Industrial;123123123;Emiliano;Barreto Hernández;-;Ponencia en Eventos Especializados;Wokshop FreeBIT, HPC y FLOSS, Supercomputación y Software Libre en Ciencias de la Vida y Salud;-;-;IV Congreso Argentino de Bioinformática y Biología Computacional (4CAB2C);Buenos Aires   - CIFASIS-CONICET (Campus CCT Rosario);2013;-;-;-;-;-;-;-;-;-
Departamento de Ingeniería de Sistemas e Industrial;123123123;Emiliano;Barreto Hernández;-;Ponencia en Eventos Especializados;Bioinformática y el desarrollo Farmacéutico;-;-;Día Panamericano Químico Farmacéutico;Loja   - Universidad Técnica Popular de Loja;2013;-;-;-;-;-;-;-;-;-
Departamento de Ingeniería de Sistemas e Industrial;123123123;Emiliano;Barreto Hernández;-;Ponencia en Eventos Especializados;Bioinformática: Recopilación. Integración y generación de conocimiento biológico;-;-;Sexto Congreso Colombiano de Computación;MANIZALES   - Universidad Nacional de Colombia, campus la Nubia Manizales, Colombia;2011;-;-;-;-;-;-;-;-;-
Departamento de Ingeniería de Sistemas e Industrial;123123123;Emiliano;Barreto Hernández;-;Otro;Uso de herramientas bioinformáticas combinado con estudios moleculares para identificar redes de genes expresados en islotes pancreáticos durante el desarrollo de diabetes tipo;-;-;Segundo Congreso Colombiano de Biotecnología y Primer Seminario Internacional de Bionegocios;BOGOTÁ, D.C.;2004;-;-;-;-;-;-;-;-;-
Departamento de Ingeniería de Sistemas e Industrial;123123123;Emiliano;Barreto Hernández;-;Otro;Búsqueda de dominios específicos para la clase hexapoda (Phylum: Arthropoda);-;-;Segundo Congreso Colombiano de Biotecnología y Primer Seminario Internacional de Bionegocios;BOGOTÁ, D.C.;2004;-;-;-;-;-;-;-;-;-
Departamento de Ingeniería de Sistemas e Industrial;123123123;Emiliano;Barreto Hernández;-;Otro;Modelo para la Identificación de genes para Betalactamasas de espectro extendido (BLEE);-;-;Segundo Congreso Colombiano de Biotecnología y Primer Seminario Internacional de Bionegocios;BOGOTÁ, D.C.;2004;-;-;-;-;-;-;-;-;-
Departamento de Ingeniería de Sistemas e Industrial;123123123;Emiliano;Barreto Hernández;-;Otro;Diseño de una estrategia para la evaluación de atributos funcionales edáficos mediante sondas de ADN;-;-;Segundo Congreso Colombiano de Biotecnología y Primer Seminario Internacional de Bionegocios;BOGOTÁ, D.C.;2004;-;-;-;-;-;-;-;-;-
Departamento de Ingeniería de Sistemas e Industrial;123123123;Emiliano;Barreto Hernández;-;Otro;Uso de herramientas bioinformáticas combinado con estudios moleculares para identificar redes de genes expresados en islotes pancreáticos durante el desarrollo de diabetes tipo;-;-;Segundo Congreso Colombiano de Biotecnología y Primer Seminario Internacional de Bionegocios;BOGOTÁ, D.C.;2004;-;-;-;-;-;-;-;-;-
Departamento de Ingeniería de Sistemas e Industrial;123123123;Emiliano;Barreto Hernández;-;Otro;aproximación filogenética molecular para probar una hipótesis de distribución de anfibios en los Andes colombianos;-;-;Segundo Congreso Colombiano de Biotecnología y Primer Seminario Internacional de Bionegocios;BOGOTÁ, D.C.;2004;-;-;-;-;-;-;-;-;-
Departamento de Ingeniería de Sistemas e Industrial;123123123;Emiliano;Barreto Hernández;-;Capítulos en Memorias de Congresos;Biodiversidad y bioinformática;-;-;Primeras jornadas iberoamericanas de bioinformática;CARTAGENA DE INDIAS;2005;-;-;-;-;-;-;-;-;-
Departamento de Ingeniería de Sistemas e Industrial;123123123;Emiliano;Barreto Hernández;-;Capítulos en Memorias de Congresos;EnkiDB: Integración de datos moleculares y taxonómicos;-;-;II Jornadas Iberoamericanas de Bioinformática;BUENOS AIRES;2006;-;-;-;-;-;-;-;-;-
Departamento de Ingeniería de Sistemas e Industrial;123123123;Emiliano;Barreto Hernández;-;Capítulos en Memorias de Congresos;BLA-ID. Beta-lactamase data base;-;-;Workshop on Collaborative Bioinformaticas, EMBnet Annual General Meeting 2007, RIB Annual General Meeting 2007;Málaga;2007;-;-;-;-;-;-;-;-;-
Departamento de Ingeniería de Sistemas e Industrial;123123123;Emiliano;Barreto Hernández;-;Capítulos en Memorias de Congresos;Normalizacao y seleccao de genes com expressao diferencial: mRNA splicing factors microarrays;-;-;XV Congresso Anual da Sociedade Portuguesa de Estatística;Lisboa;2007;-;-;-;-;-;-;-;-;-
Departamento de Ingeniería de Sistemas e Industrial;123123123;Emiliano;Barreto Hernández;-;Capítulos en Memorias de Congresos;Gene Selection Based on Category Detection of GeneOntology;-;-;Critical Assessment. of Microarray Data Analysis (CAMDA 2007);Valencia   - Valencia, España;2007;-;-;-;-;-;-;-;-;-
Departamento de Ingeniería de Sistemas e Industrial;123123123;Emiliano;Barreto Hernández;-;Capítulos en Memorias de Congresos;Diferenciación de variantes de Beta-lactamasas del grupo ctx-m-1 por PCR y polimorfísmo conformacional de cadena sencilla para fragmentos de restricción (PCR-RF-SSCP) en aislamientos de enterobacterias;-;-;III Congreso Colombiano de Biotecnología, II Seminario Internacional de Bionegocios;BOGOTÁ, D.C.;2008;-;-;-;-;-;-;-;-;-
Departamento de Ingeniería de Sistemas e Industrial;123123123;Emiliano;Barreto Hernández;-;Capítulos en Memorias de Congresos;Diseño e implementación de un sistema bioinformático para el almacenamiento y clasificación de beta-lactamasas: Bla.id;-;-;III Congreso Colombiano de Biotecnología, II Seminario Internacional de Bionegocios;BOGOTÁ, D.C.;2008;-;-;-;-;-;-;-;-;-
Departamento de Ingeniería de Sistemas e Industrial;123123123;Emiliano;Barreto Hernández;-;Capítulos en Memorias de Congresos;Evaluación de patrones de expresión génica en pacientes con síndrome de fatiga crónica;-;-;III Congreso Colombiano de Biotecnología, II Seminario Internacional de Bionegocios;BOGOTÁ, D.C.;2008;-;-;-;-;-;-;-;-;-
Departamento de Ingeniería de Sistemas e Industrial;123123123;Emiliano;Barreto Hernández;-;Capítulos en Memorias de Congresos;Optimization of Normalization Methods for RNA Inmunoprecipitation Microarrays;-;-;CompStat´2008 International Conference on Computational Statistics;Porto;2008;-;-;-;-;-;-;-;-;-
Departamento de Ingeniería de Sistemas e Industrial;123123123;Emiliano;Barreto Hernández;-;Capítulos en Memorias de Congresos;Storing, Classification and Beta-lactamase secuence molecular patterns detection;-;-;EMBnet Conference 2008: "Leading Applications and Technologies in Bioinformatics";Martina Franca;2008;-;-;-;-;-;-;-;-;-
Departamento de Ingeniería de Sistemas e Industrial;123123123;Emiliano;Barreto Hernández;-;Capítulos en Memorias de Congresos;BLAME, Blast Made Easy. A system for visualization , analysis and creation of Blast aligments;-;-;RIB 2008 Conference. The 5th Annual RIB Conference;Santiago de Chile;2008;-;-;-;-;-;-;-;-;-
Departamento de Ingeniería de Sistemas e Industrial;123123123;Emiliano;Barreto Hernández;-;Otro;Statistical methodologies for rip-chip data analysis;-;-;XVII annual conference of portuguese statistical society;Lisboa;2012;-;-;-;-;-;-;-;-;-
Departamento de Ingeniería de Sistemas e Industrial;123123123;Emiliano;Barreto Hernández;-;Capítulos en Memorias de Congresos;Búsqueda e identificación de nuevos candidatos a vacuna contra la malaria producida por Plasmodium vivax;-;-;I Jornadas Iberoamericanas de Bioinformatica;CARTAGENA DE INDIAS   - CFCE de Cartagena de Indias;2005;-;-;-;-;-;-;-;-;-
Departamento de Ingeniería de Sistemas e Industrial;123123123;Emiliano;Barreto Hernández;-;Capítulos en Memorias de Congresos;Survey and analysis of microsatellites from transcript sequences in Phytophthora species;-;-;Workshop on Collaborative Bioinformatics, EMBnet Annual General Meeting 2007, RIB Annual General Meeting 2007;Málaga   - Estocolmo;2007;-;-;-;-;-;-;-;-;-
Departamento de Ingeniería de Sistemas e Industrial;123123123;Emiliano;Barreto Hernández;-;Capítulos en Memorias de Congresos;Pre-processing optimization of RNA immunoprecipitation of microarray data;-;-;RIB 2008 Conference. The 5th Annual RIB;Santiago de Chile   - Pontificia Universidad Católica de Chile;2008;-;-;-;-;-;-;-;-;-
Departamento de Ingeniería de Sistemas e Industrial;123123123;Emiliano;Barreto Hernández;-;Otro;Diseño de sondas para microarreglos para evaluar muestras metagenomicas de suelos de cultivos de Solanum phureja.;-;-;Primer Congreso Colombiano de Biología Computacional;BOGOTÁ, D.C.;2011;-;-;-;-;-;-;-;-;-
Departamento de Ingeniería de Sistemas e Industrial;123123123;Emiliano;Barreto Hernández;-;Otro;Identificación in silico de genes de ciclos biogeoquimicos y agentes fitopatogenos mas relevantes en el cultivo de papa criolla;-;-;Primer Congreso Colombiano de Biología Computacional;BOGOTÁ, D.C.;2011;-;-;-;-;-;-;-;-;-
Departamento de Ingeniería de Sistemas e Industrial;123123123;Emiliano;Barreto Hernández;-;Ponencia en Eventos Especializados;Desarrollo de estrategias bioinformáticas para el análisis de metacomunidades microbianas de suelos rizosfericos de papa criolla (Solanum phureja;-;-;Primer Congreso Colombiano de Biología Computacional;BOGOTÁ, D.C.;2011;-;-;-;-;-;-;-;-;-
Departamento de Ingeniería de Sistemas e Industrial;123123123;Emiliano;Barreto Hernández;-;Otro;La combinación de SNPs de la vía neuroendocrina y de la neurotransmisión seleccionados por un enfoque supervisado son marcador objetivo del síndrome de fatiga crónica;-;-;Primer Congreso Colombiano de Biología Computacional;BOGOTÁ, D.C.;2011;-;-;-;-;-;-;-;-;-
Departamento de Ingeniería de Sistemas e Industrial;123123123;Emiliano;Barreto Hernández;-;Otro;La combinación de SNPs de la vía neuroendocrina y de la neurotransmisión seleccionados por un enfoque supervisado son marcador objetivo del síndrome de fatiga crónica;-;-;Primer Congreso Colombiano de Biología Computacional;BOGOTÁ, D.C.;2011;-;-;-;-;-;-;-;-;-
Departamento de Ingeniería de Sistemas e Industrial;123123123;Emiliano;Barreto Hernández;-;Otro;MDR Acinetobacter sp. from Colombia;-;-;2nd ARIP European Conference;Vilnius;2012;-;-;-;-;-;-;-;-;-
Departamento de Ingeniería de Sistemas e Industrial;123123123;Emiliano;Barreto Hernández;-;Capítulos en Memorias de Congresos;Bioinformática y Biodiversidad;-;-;Primer Congreso Colombiano de Biotecnología;BOGOTÁ, D.C.   - Instituto de Biotecnología;2002;-;-;-;-;-;-;-;-;-
Departamento de Ingeniería de Sistemas e Industrial;123123123;Emiliano;Barreto Hernández;-;Ponencia en Eventos Especializados;Desarrollo de estrategias bioinformáticas para el análisis de metacomunidades microbianas de suelos rizosfericos de papa criolla (Solanum phureja);-;-;Primer Congreso Colombiano de Biotecnología;BOGOTÁ, D.C.   - Instituto de Biotecnología;2002;-;-;-;-;-;-;-;-;-
Departamento de Ingeniería de Sistemas e Industrial;123123123;Emiliano;Barreto Hernández;-;Ponencia en Eventos Especializados;La combinación de SNPs de la vía neuroendocrina y de la neurotransmisión seleccionados por un enfoque supervisado son marcador objetivo del síndrome de fatiga crónica;-;-;Primer Congreso Colombiano de Biotecnología;BOGOTÁ, D.C.   - Instituto de Biotecnología;2002;-;-;-;-;-;-;-;-;-
Departamento de Ingeniería de Sistemas e Industrial;123123123;Libia Denise;Cangrejo Aljure;-;Ponencia en Eventos Especializados;La Semantic Sensor Network como fuente de Información Contextual;-;-;V Congreso Latinoamericano de Ingeniería de Sistemas e Informática;LATACUNGA   - UNIVERSIDAD TÉCNICA DE COTOPAXI - UNIDAD ACADÉMICA DE CIENCIAS DE LA INGENIERÍA Y APLICADAS;2015;-;-;-;-;-;-;-;-;-
Departamento de Ingeniería de Sistemas e Industrial;123123123;Libia Denise;Cangrejo Aljure;-;Ponencia en Eventos Especializados;Gestión de la información contextual para aplicaciones móviles bajo el enfoque de sensibilidad al Contexto;-;-;V Congreso Latinoamericano de Ingeniería de Sistemas e Informática;LATACUNGA   - UNIVERSIDAD TÉCNICA DE COTOPAXI - UNIDAD ACADÉMICA DE CIENCIAS DE LA INGENIERÍA Y APLICADAS;2015;-;-;-;-;-;-;-;-;-
Departamento de Ingeniería de Sistemas e Industrial;123123123;Libia Denise;Cangrejo Aljure;-;Ponencia en Eventos Especializados;Gestión de Contexto desde una Perspectiva Semántica;-;-;17 Convención Científica de Ingeniería y Arquitectura;La Habana   - Palacio de Convenciones de la Habana;2014;-;-;-;-;-;-;-;-;-
Departamento de Ingeniería de Sistemas e Industrial;123123123;Libia Denise;Cangrejo Aljure;-;Otro;Approaching a Model for Context-Aware Applications based on the Semantic Sensor Network;-;-;27th International Cartographic Conference;RIO DE JANEIRO   - SulAmérica Convention Center - Rio de Janeiro;2015;-;-;-;-;-;-;-;-;-
Departamento de Ingeniería de Sistemas e Industrial;123123123;Libia Denise;Cangrejo Aljure;-;Ponencia en Eventos Especializados;INTERNET DE LAS COSAS - CONFLUENCIA TECNOLÓGICA PARA EL SIGLO XXI;-;-;VII CONVENCION DE AGRIMENSURA - VII CONGRESO DE CARTOGRAFÍA E INFRAESTRUCTURAS DE DATOS ESPACIALES;La Habana   - HOTEL TRYP HABANA LIBRE - LA HABANA -CUBA;2015;-;-;-;-;-;-;-;-;-
Departamento de Ingeniería de Sistemas e Industrial;123123123;Libia Denise;Cangrejo Aljure;-;Capítulos en Memorias de Congresos;"Internet de las Cosas", confluencia tecnológica para el siglo XXI;-;-;VII CONVENCION DE AGRIMENSURA - VII CONGRESO DE CARTOGRAFÍA E INFRAESTRUCTURAS DE DATOS ESPACIALES;La Habana   - HOTEL TRYP HABANA LIBRE - LA HABANA -CUBA;2015;-;-;-;-;-;-;-;-;-
Departamento de Ingeniería de Sistemas e Industrial;123123123;Libia Denise;Cangrejo Aljure;-;Capítulos en Memorias de Congresos;SemArchO - Una propuesta de arquitectura semántica para la interoperabilidad de Sensor Data;-;-;VII CONVENCION DE AGRIMENSURA - VII CONGRESO DE CARTOGRAFÍA E INFRAESTRUCTURAS DE DATOS ESPACIALES;La Habana   - HOTEL TRYP HABANA LIBRE - LA HABANA -CUBA;2015;-;-;-;-;-;-;-;-;-
Departamento de Ingeniería de Sistemas e Industrial;123123123;Libia Denise;Cangrejo Aljure;-;Otro;Curso-Taller: Cartografía en la Nube y Big Data Geoespacial;-;-;VII CONVENCION DE AGRIMENSURA - VII CONGRESO DE CARTOGRAFÍA E INFRAESTRUCTURAS DE DATOS ESPACIALES;La Habana   - HOTEL TRYP HABANA LIBRE - LA HABANA -CUBA;2015;-;-;-;-;-;-;-;-;-
Departamento de Ingeniería de Sistemas e Industrial;123123123;Libia Denise;Cangrejo Aljure;-;Ponencia en Eventos Especializados;El rol de la información contextual en el marco de la computación Ubicua;-;-;XI SEMANA DE INGENIERIA;CHÍA   - UNIVERSIDAD DE LA SABANA;2014;-;-;-;-;-;-;-;-;-
Departamento de Ingeniería de Sistemas e Industrial;123123123;Libia Denise;Cangrejo Aljure;-;Ponencia en Eventos Especializados;Sensibilidad al Contexto y a la Localización en la Computación Pervasiva;-;-;XXXIV  SALON DE INFORMÁTICA - LA GEOMÁTICA DEL SIGLO XXI: RETOS PARA EL INGENIERO DE SISTEMAS;BOGOTÁ, D.C.   - Cámara de Comercio de Bogotá;2014;-;-;-;-;-;-;-;-;-
Departamento de Ingeniería de Sistemas e Industrial;123123123;Libia Denise;Cangrejo Aljure;-;Capítulos en Memorias de Congresos;Sensibilidad al Contexto y a la Localización en la Computación Ubicua.;-;-;XXXIV  SALON DE INFORMÁTICA - LA GEOMÁTICA DEL SIGLO XXI: RETOS PARA EL INGENIERO DE SISTEMAS;BOGOTÁ, D.C.   - Cámara de Comercio de Bogotá;2014;-;-;-;-;-;-;-;-;-
Departamento de Ingeniería de Sistemas e Industrial;123123123;Libia Denise;Cangrejo Aljure;-;Ponencia en Eventos Especializados;La Semantic Sensor Network como fuente de Información Contextual;-;-;V Congreso Latinoamericano de Ingeniería de Sistemas e Informática;LATACUNGA   - UNIVERSIDAD TÉCNICA DE COTOPAXI - UNIDAD ACADÉMICA DE CIENCIAS DE LA INGENIERÍA Y APLICADAS;2015;-;-;-;-;-;-;-;-;-
Departamento de Ingeniería de Sistemas e Industrial;123123123;Libia Denise;Cangrejo Aljure;-;Ponencia en Eventos Especializados;Gestión de la información contextual para aplicaciones móviles bajo el enfoque de sensibilidad al Contexto;-;-;V Congreso Latinoamericano de Ingeniería de Sistemas e Informática;LATACUNGA   - UNIVERSIDAD TÉCNICA DE COTOPAXI - UNIDAD ACADÉMICA DE CIENCIAS DE LA INGENIERÍA Y APLICADAS;2015;-;-;-;-;-;-;-;-;-
Departamento de Ingeniería de Sistemas e Industrial;123123123;Libia Denise;Cangrejo Aljure;-;Ponencia en Eventos Especializados;Gestión de Contexto desde una Perspectiva Semántica;-;-;17 Convención Científica de Ingeniería y Arquitectura;La Habana   - Palacio de Convenciones de la Habana;2014;-;-;-;-;-;-;-;-;-
Departamento de Ingeniería de Sistemas e Industrial;123123123;Libia Denise;Cangrejo Aljure;-;Otro;Approaching a Model for Context-Aware Applications based on the Semantic Sensor Network;-;-;27th International Cartographic Conference;RIO DE JANEIRO   - SulAmérica Convention Center - Rio de Janeiro;2015;-;-;-;-;-;-;-;-;-
Departamento de Ingeniería de Sistemas e Industrial;123123123;Libia Denise;Cangrejo Aljure;-;Ponencia en Eventos Especializados;INTERNET DE LAS COSAS - CONFLUENCIA TECNOLÓGICA PARA EL SIGLO XXI;-;-;VII CONVENCION DE AGRIMENSURA - VII CONGRESO DE CARTOGRAFÍA E INFRAESTRUCTURAS DE DATOS ESPACIALES;La Habana   - HOTEL TRYP HABANA LIBRE - LA HABANA -CUBA;2015;-;-;-;-;-;-;-;-;-
Departamento de Ingeniería de Sistemas e Industrial;123123123;Libia Denise;Cangrejo Aljure;-;Capítulos en Memorias de Congresos;"Internet de las Cosas", confluencia tecnológica para el siglo XXI;-;-;VII CONVENCION DE AGRIMENSURA - VII CONGRESO DE CARTOGRAFÍA E INFRAESTRUCTURAS DE DATOS ESPACIALES;La Habana   - HOTEL TRYP HABANA LIBRE - LA HABANA -CUBA;2015;-;-;-;-;-;-;-;-;-
Departamento de Ingeniería de Sistemas e Industrial;123123123;Libia Denise;Cangrejo Aljure;-;Capítulos en Memorias de Congresos;SemArchO - Una propuesta de arquitectura semántica para la interoperabilidad de Sensor Data;-;-;VII CONVENCION DE AGRIMENSURA - VII CONGRESO DE CARTOGRAFÍA E INFRAESTRUCTURAS DE DATOS ESPACIALES;La Habana   - HOTEL TRYP HABANA LIBRE - LA HABANA -CUBA;2015;-;-;-;-;-;-;-;-;-
Departamento de Ingeniería de Sistemas e Industrial;123123123;Libia Denise;Cangrejo Aljure;-;Otro;Curso-Taller: Cartografía en la Nube y Big Data Geoespacial;-;-;VII CONVENCION DE AGRIMENSURA - VII CONGRESO DE CARTOGRAFÍA E INFRAESTRUCTURAS DE DATOS ESPACIALES;La Habana   - HOTEL TRYP HABANA LIBRE - LA HABANA -CUBA;2015;-;-;-;-;-;-;-;-;-
Departamento de Ingeniería de Sistemas e Industrial;123123123;Libia Denise;Cangrejo Aljure;-;Ponencia en Eventos Especializados;El rol de la información contextual en el marco de la computación Ubicua;-;-;XI SEMANA DE INGENIERIA;CHÍA   - UNIVERSIDAD DE LA SABANA;2014;-;-;-;-;-;-;-;-;-
Departamento de Ingeniería de Sistemas e Industrial;123123123;Libia Denise;Cangrejo Aljure;-;Ponencia en Eventos Especializados;Sensibilidad al Contexto y a la Localización en la Computación Pervasiva;-;-;XXXIV  SALON DE INFORMÁTICA - LA GEOMÁTICA DEL SIGLO XXI: RETOS PARA EL INGENIERO DE SISTEMAS;BOGOTÁ, D.C.   - Cámara de Comercio de Bogotá;2014;-;-;-;-;-;-;-;-;-
Departamento de Ingeniería de Sistemas e Industrial;123123123;Libia Denise;Cangrejo Aljure;-;Capítulos en Memorias de Congresos;Sensibilidad al Contexto y a la Localización en la Computación Ubicua.;-;-;XXXIV  SALON DE INFORMÁTICA - LA GEOMÁTICA DEL SIGLO XXI: RETOS PARA EL INGENIERO DE SISTEMAS;BOGOTÁ, D.C.   - Cámara de Comercio de Bogotá;2014;-;-;-;-;-;-;-;-;-
Departamento de Ingeniería de Sistemas e Industrial;123123123;Libia Denise;Cangrejo Aljure;-;Ponencia en Eventos Especializados;La Semantic Sensor Network como fuente de Información Contextual;-;-;V Congreso Latinoamericano de Ingeniería de Sistemas e Informática;LATACUNGA   - UNIVERSIDAD TÉCNICA DE COTOPAXI - UNIDAD ACADÉMICA DE CIENCIAS DE LA INGENIERÍA Y APLICADAS;2015;-;-;-;-;-;-;-;-;-
Departamento de Ingeniería de Sistemas e Industrial;123123123;Libia Denise;Cangrejo Aljure;-;Ponencia en Eventos Especializados;Gestión de la información contextual para aplicaciones móviles bajo el enfoque de sensibilidad al Contexto;-;-;V Congreso Latinoamericano de Ingeniería de Sistemas e Informática;LATACUNGA   - UNIVERSIDAD TÉCNICA DE COTOPAXI - UNIDAD ACADÉMICA DE CIENCIAS DE LA INGENIERÍA Y APLICADAS;2015;-;-;-;-;-;-;-;-;-
Departamento de Ingeniería de Sistemas e Industrial;123123123;Libia Denise;Cangrejo Aljure;-;Ponencia en Eventos Especializados;Gestión de Contexto desde una Perspectiva Semántica;-;-;17 Convención Científica de Ingeniería y Arquitectura;La Habana   - Palacio de Convenciones de la Habana;2014;-;-;-;-;-;-;-;-;-
Departamento de Ingeniería de Sistemas e Industrial;123123123;Libia Denise;Cangrejo Aljure;-;Otro;Approaching a Model for Context-Aware Applications based on the Semantic Sensor Network;-;-;27th International Cartographic Conference;RIO DE JANEIRO   - SulAmérica Convention Center - Rio de Janeiro;2015;-;-;-;-;-;-;-;-;-
Departamento de Ingeniería de Sistemas e Industrial;123123123;Libia Denise;Cangrejo Aljure;-;Ponencia en Eventos Especializados;INTERNET DE LAS COSAS - CONFLUENCIA TECNOLÓGICA PARA EL SIGLO XXI;-;-;VII CONVENCION DE AGRIMENSURA - VII CONGRESO DE CARTOGRAFÍA E INFRAESTRUCTURAS DE DATOS ESPACIALES;La Habana   - HOTEL TRYP HABANA LIBRE - LA HABANA -CUBA;2015;-;-;-;-;-;-;-;-;-
Departamento de Ingeniería de Sistemas e Industrial;123123123;Libia Denise;Cangrejo Aljure;-;Capítulos en Memorias de Congresos;"Internet de las Cosas", confluencia tecnológica para el siglo XXI;-;-;VII CONVENCION DE AGRIMENSURA - VII CONGRESO DE CARTOGRAFÍA E INFRAESTRUCTURAS DE DATOS ESPACIALES;La Habana   - HOTEL TRYP HABANA LIBRE - LA HABANA -CUBA;2015;-;-;-;-;-;-;-;-;-
Departamento de Ingeniería de Sistemas e Industrial;123123123;Libia Denise;Cangrejo Aljure;-;Capítulos en Memorias de Congresos;SemArchO - Una propuesta de arquitectura semántica para la interoperabilidad de Sensor Data;-;-;VII CONVENCION DE AGRIMENSURA - VII CONGRESO DE CARTOGRAFÍA E INFRAESTRUCTURAS DE DATOS ESPACIALES;La Habana   - HOTEL TRYP HABANA LIBRE - LA HABANA -CUBA;2015;-;-;-;-;-;-;-;-;-
Departamento de Ingeniería de Sistemas e Industrial;123123123;Libia Denise;Cangrejo Aljure;-;Otro;Curso-Taller: Cartografía en la Nube y Big Data Geoespacial;-;-;VII CONVENCION DE AGRIMENSURA - VII CONGRESO DE CARTOGRAFÍA E INFRAESTRUCTURAS DE DATOS ESPACIALES;La Habana   - HOTEL TRYP HABANA LIBRE - LA HABANA -CUBA;2015;-;-;-;-;-;-;-;-;-
Departamento de Ingeniería de Sistemas e Industrial;123123123;Libia Denise;Cangrejo Aljure;-;Ponencia en Eventos Especializados;El rol de la información contextual en el marco de la computación Ubicua;-;-;XI SEMANA DE INGENIERIA;CHÍA   - UNIVERSIDAD DE LA SABANA;2014;-;-;-;-;-;-;-;-;-
Departamento de Ingeniería de Sistemas e Industrial;123123123;Libia Denise;Cangrejo Aljure;-;Ponencia en Eventos Especializados;Sensibilidad al Contexto y a la Localización en la Computación Pervasiva;-;-;XXXIV  SALON DE INFORMÁTICA - LA GEOMÁTICA DEL SIGLO XXI: RETOS PARA EL INGENIERO DE SISTEMAS;BOGOTÁ, D.C.   - Cámara de Comercio de Bogotá;2014;-;-;-;-;-;-;-;-;-
Departamento de Ingeniería de Sistemas e Industrial;123123123;Libia Denise;Cangrejo Aljure;-;Capítulos en Memorias de Congresos;Sensibilidad al Contexto y a la Localización en la Computación Ubicua.;-;-;XXXIV  SALON DE INFORMÁTICA - LA GEOMÁTICA DEL SIGLO XXI: RETOS PARA EL INGENIERO DE SISTEMAS;BOGOTÁ, D.C.   - Cámara de Comercio de Bogotá;2014;-;-;-;-;-;-;-;-;-
Departamento de Ingeniería de Sistemas e Industrial;123123123;Libia Denise;Cangrejo Aljure;-;Ponencia en Eventos Especializados;La Semantic Sensor Network como fuente de Información Contextual;-;-;V Congreso Latinoamericano de Ingeniería de Sistemas e Informática;LATACUNGA   - UNIVERSIDAD TÉCNICA DE COTOPAXI - UNIDAD ACADÉMICA DE CIENCIAS DE LA INGENIERÍA Y APLICADAS;2015;-;-;-;-;-;-;-;-;-
Departamento de Ingeniería de Sistemas e Industrial;123123123;Libia Denise;Cangrejo Aljure;-;Ponencia en Eventos Especializados;Gestión de la información contextual para aplicaciones móviles bajo el enfoque de sensibilidad al Contexto;-;-;V Congreso Latinoamericano de Ingeniería de Sistemas e Informática;LATACUNGA   - UNIVERSIDAD TÉCNICA DE COTOPAXI - UNIDAD ACADÉMICA DE CIENCIAS DE LA INGENIERÍA Y APLICADAS;2015;-;-;-;-;-;-;-;-;-
Departamento de Ingeniería de Sistemas e Industrial;123123123;Libia Denise;Cangrejo Aljure;-;Ponencia en Eventos Especializados;Gestión de Contexto desde una Perspectiva Semántica;-;-;17 Convención Científica de Ingeniería y Arquitectura;La Habana   - Palacio de Convenciones de la Habana;2014;-;-;-;-;-;-;-;-;-
Departamento de Ingeniería de Sistemas e Industrial;123123123;Libia Denise;Cangrejo Aljure;-;Otro;Approaching a Model for Context-Aware Applications based on the Semantic Sensor Network;-;-;27th International Cartographic Conference;RIO DE JANEIRO   - SulAmérica Convention Center - Rio de Janeiro;2015;-;-;-;-;-;-;-;-;-
Departamento de Ingeniería de Sistemas e Industrial;123123123;Libia Denise;Cangrejo Aljure;-;Ponencia en Eventos Especializados;INTERNET DE LAS COSAS - CONFLUENCIA TECNOLÓGICA PARA EL SIGLO XXI;-;-;VII CONVENCION DE AGRIMENSURA - VII CONGRESO DE CARTOGRAFÍA E INFRAESTRUCTURAS DE DATOS ESPACIALES;La Habana   - HOTEL TRYP HABANA LIBRE - LA HABANA -CUBA;2015;-;-;-;-;-;-;-;-;-
Departamento de Ingeniería de Sistemas e Industrial;123123123;Libia Denise;Cangrejo Aljure;-;Capítulos en Memorias de Congresos;"Internet de las Cosas", confluencia tecnológica para el siglo XXI;-;-;VII CONVENCION DE AGRIMENSURA - VII CONGRESO DE CARTOGRAFÍA E INFRAESTRUCTURAS DE DATOS ESPACIALES;La Habana   - HOTEL TRYP HABANA LIBRE - LA HABANA -CUBA;2015;-;-;-;-;-;-;-;-;-
Departamento de Ingeniería de Sistemas e Industrial;123123123;Libia Denise;Cangrejo Aljure;-;Capítulos en Memorias de Congresos;SemArchO - Una propuesta de arquitectura semántica para la interoperabilidad de Sensor Data;-;-;VII CONVENCION DE AGRIMENSURA - VII CONGRESO DE CARTOGRAFÍA E INFRAESTRUCTURAS DE DATOS ESPACIALES;La Habana   - HOTEL TRYP HABANA LIBRE - LA HABANA -CUBA;2015;-;-;-;-;-;-;-;-;-
Departamento de Ingeniería de Sistemas e Industrial;123123123;Libia Denise;Cangrejo Aljure;-;Otro;Curso-Taller: Cartografía en la Nube y Big Data Geoespacial;-;-;VII CONVENCION DE AGRIMENSURA - VII CONGRESO DE CARTOGRAFÍA E INFRAESTRUCTURAS DE DATOS ESPACIALES;La Habana   - HOTEL TRYP HABANA LIBRE - LA HABANA -CUBA;2015;-;-;-;-;-;-;-;-;-
Departamento de Ingeniería de Sistemas e Industrial;123123123;Libia Denise;Cangrejo Aljure;-;Ponencia en Eventos Especializados;El rol de la información contextual en el marco de la computación Ubicua;-;-;XI SEMANA DE INGENIERIA;CHÍA   - UNIVERSIDAD DE LA SABANA;2014;-;-;-;-;-;-;-;-;-
Departamento de Ingeniería de Sistemas e Industrial;123123123;Libia Denise;Cangrejo Aljure;-;Ponencia en Eventos Especializados;Sensibilidad al Contexto y a la Localización en la Computación Pervasiva;-;-;XXXIV  SALON DE INFORMÁTICA - LA GEOMÁTICA DEL SIGLO XXI: RETOS PARA EL INGENIERO DE SISTEMAS;BOGOTÁ, D.C.   - Cámara de Comercio de Bogotá;2014;-;-;-;-;-;-;-;-;-
Departamento de Ingeniería de Sistemas e Industrial;123123123;Libia Denise;Cangrejo Aljure;-;Capítulos en Memorias de Congresos;Sensibilidad al Contexto y a la Localización en la Computación Ubicua.;-;-;XXXIV  SALON DE INFORMÁTICA - LA GEOMÁTICA DEL SIGLO XXI: RETOS PARA EL INGENIERO DE SISTEMAS;BOGOTÁ, D.C.   - Cámara de Comercio de Bogotá;2014;-;-;-;-;-;-;-;-;-
Departamento de Ingeniería de Sistemas e Industrial;123123123;Libia Denise;Cangrejo Aljure;-;Ponencia en Eventos Especializados;La Semantic Sensor Network como fuente de Información Contextual;-;-;V Congreso Latinoamericano de Ingeniería de Sistemas e Informática;LATACUNGA   - UNIVERSIDAD TÉCNICA DE COTOPAXI - UNIDAD ACADÉMICA DE CIENCIAS DE LA INGENIERÍA Y APLICADAS;2015;-;-;-;-;-;-;-;-;-
Departamento de Ingeniería de Sistemas e Industrial;123123123;Libia Denise;Cangrejo Aljure;-;Ponencia en Eventos Especializados;Gestión de la información contextual para aplicaciones móviles bajo el enfoque de sensibilidad al Contexto;-;-;V Congreso Latinoamericano de Ingeniería de Sistemas e Informática;LATACUNGA   - UNIVERSIDAD TÉCNICA DE COTOPAXI - UNIDAD ACADÉMICA DE CIENCIAS DE LA INGENIERÍA Y APLICADAS;2015;-;-;-;-;-;-;-;-;-
Departamento de Ingeniería de Sistemas e Industrial;123123123;Libia Denise;Cangrejo Aljure;-;Ponencia en Eventos Especializados;Gestión de Contexto desde una Perspectiva Semántica;-;-;17 Convención Científica de Ingeniería y Arquitectura;La Habana   - Palacio de Convenciones de la Habana;2014;-;-;-;-;-;-;-;-;-
Departamento de Ingeniería de Sistemas e Industrial;123123123;Libia Denise;Cangrejo Aljure;-;Otro;Approaching a Model for Context-Aware Applications based on the Semantic Sensor Network;-;-;27th International Cartographic Conference;RIO DE JANEIRO   - SulAmérica Convention Center - Rio de Janeiro;2015;-;-;-;-;-;-;-;-;-
Departamento de Ingeniería de Sistemas e Industrial;123123123;Libia Denise;Cangrejo Aljure;-;Ponencia en Eventos Especializados;INTERNET DE LAS COSAS - CONFLUENCIA TECNOLÓGICA PARA EL SIGLO XXI;-;-;VII CONVENCION DE AGRIMENSURA - VII CONGRESO DE CARTOGRAFÍA E INFRAESTRUCTURAS DE DATOS ESPACIALES;La Habana   - HOTEL TRYP HABANA LIBRE - LA HABANA -CUBA;2015;-;-;-;-;-;-;-;-;-
Departamento de Ingeniería de Sistemas e Industrial;123123123;Libia Denise;Cangrejo Aljure;-;Capítulos en Memorias de Congresos;"Internet de las Cosas", confluencia tecnológica para el siglo XXI;-;-;VII CONVENCION DE AGRIMENSURA - VII CONGRESO DE CARTOGRAFÍA E INFRAESTRUCTURAS DE DATOS ESPACIALES;La Habana   - HOTEL TRYP HABANA LIBRE - LA HABANA -CUBA;2015;-;-;-;-;-;-;-;-;-
Departamento de Ingeniería de Sistemas e Industrial;123123123;Libia Denise;Cangrejo Aljure;-;Capítulos en Memorias de Congresos;SemArchO - Una propuesta de arquitectura semántica para la interoperabilidad de Sensor Data;-;-;VII CONVENCION DE AGRIMENSURA - VII CONGRESO DE CARTOGRAFÍA E INFRAESTRUCTURAS DE DATOS ESPACIALES;La Habana   - HOTEL TRYP HABANA LIBRE - LA HABANA -CUBA;2015;-;-;-;-;-;-;-;-;-
Departamento de Ingeniería de Sistemas e Industrial;123123123;Libia Denise;Cangrejo Aljure;-;Otro;Curso-Taller: Cartografía en la Nube y Big Data Geoespacial;-;-;VII CONVENCION DE AGRIMENSURA - VII CONGRESO DE CARTOGRAFÍA E INFRAESTRUCTURAS DE DATOS ESPACIALES;La Habana   - HOTEL TRYP HABANA LIBRE - LA HABANA -CUBA;2015;-;-;-;-;-;-;-;-;-
Departamento de Ingeniería de Sistemas e Industrial;123123123;Libia Denise;Cangrejo Aljure;-;Ponencia en Eventos Especializados;El rol de la información contextual en el marco de la computación Ubicua;-;-;XI SEMANA DE INGENIERIA;CHÍA   - UNIVERSIDAD DE LA SABANA;2014;-;-;-;-;-;-;-;-;-
Departamento de Ingeniería de Sistemas e Industrial;123123123;Libia Denise;Cangrejo Aljure;-;Ponencia en Eventos Especializados;Sensibilidad al Contexto y a la Localización en la Computación Pervasiva;-;-;XXXIV  SALON DE INFORMÁTICA - LA GEOMÁTICA DEL SIGLO XXI: RETOS PARA EL INGENIERO DE SISTEMAS;BOGOTÁ, D.C.   - Cámara de Comercio de Bogotá;2014;-;-;-;-;-;-;-;-;-
Departamento de Ingeniería de Sistemas e Industrial;123123123;Libia Denise;Cangrejo Aljure;-;Capítulos en Memorias de Congresos;Sensibilidad al Contexto y a la Localización en la Computación Ubicua.;-;-;XXXIV  SALON DE INFORMÁTICA - LA GEOMÁTICA DEL SIGLO XXI: RETOS PARA EL INGENIERO DE SISTEMAS;BOGOTÁ, D.C.   - Cámara de Comercio de Bogotá;2014;-;-;-;-;-;-;-;-;-
Departamento de Ingeniería de Sistemas e Industrial;123123123;Libia Denise;Cangrejo Aljure;-;Ponencia en Eventos Especializados;La Semantic Sensor Network como fuente de Información Contextual;-;-;V Congreso Latinoamericano de Ingeniería de Sistemas e Informática;LATACUNGA   - UNIVERSIDAD TÉCNICA DE COTOPAXI - UNIDAD ACADÉMICA DE CIENCIAS DE LA INGENIERÍA Y APLICADAS;2015;-;-;-;-;-;-;-;-;-
Departamento de Ingeniería de Sistemas e Industrial;123123123;Libia Denise;Cangrejo Aljure;-;Ponencia en Eventos Especializados;Gestión de la información contextual para aplicaciones móviles bajo el enfoque de sensibilidad al Contexto;-;-;V Congreso Latinoamericano de Ingeniería de Sistemas e Informática;LATACUNGA   - UNIVERSIDAD TÉCNICA DE COTOPAXI - UNIDAD ACADÉMICA DE CIENCIAS DE LA INGENIERÍA Y APLICADAS;2015;-;-;-;-;-;-;-;-;-
Departamento de Ingeniería de Sistemas e Industrial;123123123;Libia Denise;Cangrejo Aljure;-;Ponencia en Eventos Especializados;Gestión de Contexto desde una Perspectiva Semántica;-;-;17 Convención Científica de Ingeniería y Arquitectura;La Habana   - Palacio de Convenciones de la Habana;2014;-;-;-;-;-;-;-;-;-
Departamento de Ingeniería de Sistemas e Industrial;123123123;Libia Denise;Cangrejo Aljure;-;Otro;Approaching a Model for Context-Aware Applications based on the Semantic Sensor Network;-;-;27th International Cartographic Conference;RIO DE JANEIRO   - SulAmérica Convention Center - Rio de Janeiro;2015;-;-;-;-;-;-;-;-;-
Departamento de Ingeniería de Sistemas e Industrial;123123123;Libia Denise;Cangrejo Aljure;-;Ponencia en Eventos Especializados;INTERNET DE LAS COSAS - CONFLUENCIA TECNOLÓGICA PARA EL SIGLO XXI;-;-;VII CONVENCION DE AGRIMENSURA - VII CONGRESO DE CARTOGRAFÍA E INFRAESTRUCTURAS DE DATOS ESPACIALES;La Habana   - HOTEL TRYP HABANA LIBRE - LA HABANA -CUBA;2015;-;-;-;-;-;-;-;-;-
Departamento de Ingeniería de Sistemas e Industrial;123123123;Libia Denise;Cangrejo Aljure;-;Capítulos en Memorias de Congresos;"Internet de las Cosas", confluencia tecnológica para el siglo XXI;-;-;VII CONVENCION DE AGRIMENSURA - VII CONGRESO DE CARTOGRAFÍA E INFRAESTRUCTURAS DE DATOS ESPACIALES;La Habana   - HOTEL TRYP HABANA LIBRE - LA HABANA -CUBA;2015;-;-;-;-;-;-;-;-;-
Departamento de Ingeniería de Sistemas e Industrial;123123123;Libia Denise;Cangrejo Aljure;-;Capítulos en Memorias de Congresos;SemArchO - Una propuesta de arquitectura semántica para la interoperabilidad de Sensor Data;-;-;VII CONVENCION DE AGRIMENSURA - VII CONGRESO DE CARTOGRAFÍA E INFRAESTRUCTURAS DE DATOS ESPACIALES;La Habana   - HOTEL TRYP HABANA LIBRE - LA HABANA -CUBA;2015;-;-;-;-;-;-;-;-;-
Departamento de Ingeniería de Sistemas e Industrial;123123123;Libia Denise;Cangrejo Aljure;-;Otro;Curso-Taller: Cartografía en la Nube y Big Data Geoespacial;-;-;VII CONVENCION DE AGRIMENSURA - VII CONGRESO DE CARTOGRAFÍA E INFRAESTRUCTURAS DE DATOS ESPACIALES;La Habana   - HOTEL TRYP HABANA LIBRE - LA HABANA -CUBA;2015;-;-;-;-;-;-;-;-;-
Departamento de Ingeniería de Sistemas e Industrial;123123123;Libia Denise;Cangrejo Aljure;-;Ponencia en Eventos Especializados;El rol de la información contextual en el marco de la computación Ubicua;-;-;XI SEMANA DE INGENIERIA;CHÍA   - UNIVERSIDAD DE LA SABANA;2014;-;-;-;-;-;-;-;-;-
Departamento de Ingeniería de Sistemas e Industrial;123123123;Libia Denise;Cangrejo Aljure;-;Ponencia en Eventos Especializados;Sensibilidad al Contexto y a la Localización en la Computación Pervasiva;-;-;XXXIV  SALON DE INFORMÁTICA - LA GEOMÁTICA DEL SIGLO XXI: RETOS PARA EL INGENIERO DE SISTEMAS;BOGOTÁ, D.C.   - Cámara de Comercio de Bogotá;2014;-;-;-;-;-;-;-;-;-
Departamento de Ingeniería de Sistemas e Industrial;123123123;Libia Denise;Cangrejo Aljure;-;Capítulos en Memorias de Congresos;Sensibilidad al Contexto y a la Localización en la Computación Ubicua.;-;-;XXXIV  SALON DE INFORMÁTICA - LA GEOMÁTICA DEL SIGLO XXI: RETOS PARA EL INGENIERO DE SISTEMAS;BOGOTÁ, D.C.   - Cámara de Comercio de Bogotá;2014;-;-;-;-;-;-;-;-;-
